TargetCoverage,ActualCoverage,MeanWidth,MedianWidth,MeanIntervalScore,MedianIntervalScore
0.5,0.3864205969469127,24.506392576097166,18.671782822148014,52.09460197557486,38.49782971060274
0.6,0.47767145135566186,31.27251024281542,23.79662015117732,58.48835957943783,42.26062317515314
0.7,0.5719981772613352,39.316752657938785,29.842132176313054,66.74433317062613,46.500605209811475
0.8,0.6861471861471862,51.14854043389962,38.64454196802788,78.77823335436078,51.819072447468066
0.9,0.8230804283435862,72.09105364383738,53.81805397649053,101.71764570011021,63.09227757723167
