Model,MAE,RMSE,R2,MAEPercentOfTestMean
NaiveBaseline,50.867549564433574,58.297930996932415,-0.5907079428712938,64.26270942829454
Model1RandomForestLogRevenue,15.811514311988569,21.944624839280724,0.7746069672433302,19.975225041370763
