Model,MAE,RMSE,R2
Model2AbsLogErrorCalibration,0.101505705330393,0.12948960656707026,-0.29869842760374765
Model2AbsLogErrorTest,0.12219238075512152,0.1574350011996687,-0.3074724466601979
